{"nodes": [{"id": 0, "name": 0, "support": 112.80516310135818, "evidence": 0.5491497845223524}, {"id": 1, "name": 1, "support": 99.12213629688466, "evidence": 0.6037904976494655}, {"id": 2, "name": 2, "support": 114.66551881195231, "evidence": 0.6630164863132917}], "links": []}