{"nodes": [{"id": 0, "name": 0, "support": 137.72598936496317, "evidence": 0.6891937036197892}, {"id": 1, "name": 1, "support": 3194.762489742503, "evidence": 0.7454449651579484}], "links": []}