{"nodes": [{"id": 0, "name": 0, "support": 306.9546161185433, "evidence": 0.831012001802319}, {"id": 1, "name": 1, "support": 3624.1875216129397, "evidence": 0.774920220251895}], "links": []}