{"nodes": [{"id": 0, "name": 0, "support": 87.91660233256745, "evidence": 0.6686030478194829}, {"id": 1, "name": 1, "support": 78.21260011685501, "evidence": 0.614325082132382}, {"id": 2, "name": 2, "support": 149.60235471116573, "evidence": 0.5872987372573865}], "links": []}