{"nodes": [{"id": 0, "name": 0, "support": 431.7769653974292, "evidence": 21.628974263047535}], "links": []}